,action,episode,reward,step,time_sec
0,"0,0,0,0,0,0,0,0,0,0,0,0,0",1,-1.0,1.0,5
1,"0,0,0,0,0,2,0,0,0,0,0,0,0",1,-1.0,2.0,10
2,"1,0,0,0,0,0,2,0,0,0,0,0,0",1,-4.6,3.0,15
3,"0,0,0,1,0,2,0,0,0,1,0,0,0",1,-4.8,4.0,20
4,"0,0,0,1,0,2,0,1,0,1,0,0,0",1,-10.6,5.0,25
5,"1,1,0,0,0,0,2,1,0,0,0,0,0",1,-1.6,6.0,30
6,"0,1,0,2,0,0,0,2,0,0,0,0,0",1,-6.4,7.0,35
7,"0,1,1,1,1,0,5,2,0,1,0,0,1",1,-1.4,8.0,40
8,"0,1,0,1,2,0,3,0,0,0,0,0,0",1,-5.4,9.0,45
9,"0,1,0,2,3,1,0,0,0,0,0,0,0",1,-9.0,10.0,50
10,"0,0,0,0,3,0,1,0,0,0,0,1,1",1,-12.4,11.0,55
11,"0,1,1,0,3,0,3,3,0,0,0,0,1",1,-17.000000000000004,12.0,60
12,"0,0,1,0,2,0,0,2,0,0,0,1,1",1,-16.400000000000002,13.0,65
13,"0,0,0,1,2,0,1,0,0,0,0,0,0",1,-17.200000000000003,14.0,70
14,"0,0,0,0,0,0,1,0,0,0,1,1,0",1,-14.0,15.0,75
15,"0,0,0,0,0,1,1,2,0,0,0,0,1",1,-19.8,16.0,80
16,"0,0,1,0,1,2,4,3,0,0,1,1,0",1,-6.4,17.0,85
17,"0,0,0,1,0,0,4,0,0,0,0,1,0",1,-6.6000000000000005,18.0,90
18,"0,0,0,0,0,1,0,2,0,0,1,1,1",1,-2.4,19.0,95
19,"0,0,0,0,0,0,0,2,0,0,0,1,1",1,-4.4,20.0,100
20,"1,0,0,0,0,2,2,2,0,0,1,1,0",1,-8.4,21.0,105
21,"0,0,0,1,0,0,2,3,0,1,1,1,0",1,-20.999999999999996,22.0,110
22,"1,0,0,1,0,2,0,1,0,0,1,1,0",1,-18.8,23.0,115
23,"0,1,1,0,2,1,0,1,0,1,1,0,0",1,-9.0,24.0,120
24,"0,1,1,2,3,1,0,2,0,1,0,0,0",1,-16.6,25.0,125
25,"0,0,0,1,0,2,3,2,0,0,0,1,0",1,-5.4,26.0,130
26,"0,1,1,2,3,0,5,2,0,0,0,0,0",1,-8.4,27.0,135
27,"0,1,0,0,0,1,0,3,0,0,0,0,0",1,-7.2,28.0,140
28,"0,1,0,0,3,1,1,0,0,0,0,0,1",1,-11.000000000000002,29.0,145
29,"0,0,1,0,1,2,3,0,0,0,0,1,1",1,-10.0,30.0,150
30,"0,0,1,0,2,0,0,3,0,0,0,0,0",1,-15.799999999999999,31.0,155
31,"0,1,1,1,3,0,1,0,0,0,0,1,1",1,-6.0,32.0,160
32,"0,0,0,1,2,1,1,0,0,0,0,0,0",1,-6.8,33.0,165
33,"0,0,0,0,3,1,3,2,0,0,1,1,1",1,-10.0,34.0,170
34,"0,0,0,1,1,0,1,0,0,0,0,1,1",1,-10.0,35.0,175
35,"0,0,0,0,2,0,4,2,0,0,1,1,0",1,-8.6,36.0,180
36,"0,0,1,0,0,1,0,3,0,0,1,0,0",1,-4.4,37.0,185
37,"0,0,1,0,0,1,0,3,0,0,1,1,1",1,-5.4,38.0,190
38,"1,0,0,0,0,0,0,3,0,0,1,1,0",1,-14.6,39.0,195
39,"1,0,0,1,0,2,2,0,0,1,1,1,0",1,-15.599999999999998,40.0,200
40,"0,0,1,0,0,2,2,1,0,1,0,1,0",1,-23.799999999999997,41.0,205
41,"0,1,1,1,3,0,0,2,0,0,1,0,0",1,-14.2,42.0,210
42,"0,1,0,1,0,1,4,2,0,0,0,0,0",1,-11.400000000000002,43.0,215
43,"0,1,0,2,3,2,5,2,0,0,0,0,0",1,-8.0,44.0,220
44,"0,1,1,2,1,1,0,0,0,0,0,0,0",1,-13.0,45.0,225
45,"0,1,0,0,2,1,3,0,0,1,0,0,0",1,-15.600000000000001,46.0,230
46,"0,0,0,0,0,0,1,0,0,0,0,1,0",1,-21.400000000000002,47.0,235
47,"0,0,1,0,3,0,1,3,0,0,0,0,1",1,-8.6,48.0,240
48,"0,0,0,2,3,0,3,2,0,0,0,1,1",1,-4.4,49.0,245
49,"0,0,1,0,2,0,0,0,0,0,0,1,1",1,-9.0,50.0,250
50,"0,1,0,1,1,0,4,0,0,0,1,1,1",1,-7.800000000000001,51.0,255
51,"0,0,0,0,2,1,1,0,0,0,0,0,0",1,-11.0,52.0,260
52,"0,0,1,0,0,2,3,3,0,0,1,1,0",1,-9.4,53.0,265
53,"0,0,0,1,2,1,4,2,0,0,1,1,1",1,-4.800000000000001,54.0,270
54,"0,0,1,0,0,0,0,2,0,0,0,1,0",1,-6.800000000000001,55.0,275
55,"0,0,1,0,0,1,0,0,0,0,0,1,1",1,-11.0,56.0,280
56,"0,0,0,0,0,0,2,0,0,0,1,1,0",1,-22.200000000000003,57.0,285
57,"0,0,0,1,0,2,0,3,0,1,1,0,0",1,-24.799999999999997,58.0,290
58,"0,0,0,0,0,2,0,1,0,0,1,0,0",1,-33.8,59.0,295
59,"1,1,0,1,2,1,2,2,0,1,1,1,0",1,-16.6,60.0,300
60,"1,1,1,1,1,0,0,0,0,0,0,0,0",1,-15.200000000000001,61.0,305
61,"0,0,1,2,3,1,5,2,0,1,0,0,0",1,-1.0,62.0,310
62,"0,1,0,1,3,0,3,2,0,1,0,0,0",1,-3.0,63.0,315
63,"0,1,0,2,3,1,0,0,0,0,0,1,0",1,-7.4,64.0,320
64,"0,0,0,2,0,2,0,3,0,0,0,0,1",1,-5.6000000000000005,65.0,325
65,"0,1,1,0,1,1,1,0,0,0,0,0,0",1,-7.0,66.0,330
66,"0,1,0,0,3,0,1,0,0,0,0,1,0",1,-6.2,67.0,335
67,"0,0,1,1,2,1,3,0,0,0,1,0,1",1,-3.6,68.0,340
68,"0,0,0,0,2,0,1,3,0,0,0,1,1",1,-5.0,69.0,345
69,"0,0,1,0,0,0,4,0,0,0,0,1,0",1,-3.8,70.0,350
70,"0,0,0,1,2,0,4,0,0,0,1,1,0",1,-3.2,71.0,355
71,"0,0,0,0,0,0,1,3,0,0,1,1,1",1,-1.0,72.0,360
72,"0,0,0,0,0,1,0,2,0,0,1,1,1",1,-1.0,73.0,365
73,"0,0,1,0,0,0,0,2,0,0,0,1,0",1,0.0,74.0,370
74,"0,0,1,1,0,1,0,2,0,0,1,1,1",1,-12.0,75.0,375
75,"1,0,0,1,0,2,2,0,0,1,1,1,0",1,-14.799999999999999,76.0,380
76,"0,0,0,0,0,0,2,1,0,1,1,0,0",1,-23.0,77.0,385
77,"1,1,0,1,0,2,0,2,0,0,0,0,0",1,-15.200000000000001,78.0,390
78,"0,1,1,1,0,2,0,3,0,0,1,1,0",1,-9.200000000000001,79.0,395
79,"0,1,0,0,0,1,3,2,0,1,0,0,0",1,-9.4,80.0,400
80,"0,0,1,2,1,0,5,2,0,0,0,0,0",1,-11.8,81.0,405
81,"0,1,0,0,2,1,0,0,0,0,0,1,0",1,-11.999999999999998,82.0,410
82,"0,1,1,1,0,0,3,0,0,0,0,1,1",1,-12.4,83.0,415
83,"0,0,0,0,3,0,1,3,0,0,0,0,1",1,-4.2,84.0,420
84,"0,0,1,1,3,1,1,0,0,0,0,0,0",1,-2.6,85.0,425
85,"0,0,0,0,3,0,0,3,0,0,0,0,0",1,-3.6,86.0,430
86,"0,1,0,0,2,0,1,0,0,0,1,1,0",1,-4.0,87.0,435
87,"0,0,1,0,2,1,1,0,0,0,1,1,1",1,-11.0,88.0,440
88,"0,0,1,1,0,1,4,2,0,0,0,0,0",1,-8.0,89.0,445
89,"0,0,0,0,0,2,4,3,0,0,1,0,0",1,-5.2,90.0,450
90,"0,0,0,1,0,0,0,3,0,0,1,0,0",1,-7.2,91.0,455
91,"0,0,0,0,0,1,0,0,0,0,1,1,1",1,-6.6000000000000005,92.0,460
92,"0,0,0,0,0,0,2,2,0,0,0,0,1",1,-20.6,93.0,465
93,"1,0,1,1,0,2,0,0,0,1,0,0,0",1,-16.4,94.0,470
94,"0,0,0,0,2,2,0,2,0,1,0,1,0",1,-20.8,95.0,475
95,"1,1,0,1,0,1,2,1,0,0,0,1,0",1,-19.2,96.0,480
96,"0,1,0,2,0,1,0,3,0,0,0,1,0",1,-16.6,97.0,485
97,"0,1,1,1,0,0,5,2,0,1,0,0,0",1,-4.0,98.0,490
98,"0,1,0,2,1,2,3,0,0,0,0,0,0",1,-11.8,99.0,495
99,"0,0,0,1,3,1,0,0,0,0,1,1,0",1,-14.8,100.0,500
100,"0,1,1,2,3,0,0,2,0,0,0,1,0",1,-10.2,101.0,505
101,"0,0,1,0,3,0,3,2,0,0,0,0,1",1,-14.8,102.0,510
102,"0,1,0,1,0,0,1,3,0,0,0,0,1",1,-11.4,103.0,515
103,"0,0,1,0,2,1,0,0,0,0,1,0,1",1,-10.200000000000001,104.0,520
104,"0,0,1,0,2,1,4,3,0,0,1,1,0",1,-10.8,105.0,525
105,"0,0,0,0,1,0,1,0,0,0,0,0,0",1,-6.0,106.0,530
106,"0,0,1,0,0,0,1,0,0,0,0,1,0",1,-5.2,107.0,535
107,"0,0,1,0,0,0,3,0,0,0,0,1,0",1,-6.2,108.0,540
108,"0,0,0,1,0,0,0,0,0,0,0,1,1",1,-4.4,109.0,545
109,"0,0,0,0,0,1,4,2,0,0,0,1,1",1,-4.2,110.0,550
110,"0,0,0,0,0,0,0,2,0,0,1,1,1",1,-14.799999999999999,111.0,555
111,"1,0,0,1,0,2,2,0,0,1,1,1,0",1,-15.600000000000001,112.0,560
112,"0,1,0,0,0,2,2,3,0,0,1,1,0",1,-20.6,113.0,565
113,"1,1,1,1,0,1,0,2,0,1,1,0,0",1,-12.6,114.0,570
114,"0,1,0,1,0,0,0,2,0,1,1,0,0",1,-19.6,115.0,575
115,"0,0,1,2,0,1,5,0,0,0,0,0,1",1,-11.0,116.0,580
116,"0,1,1,2,1,2,0,2,0,0,0,0,0",1,-11.799999999999999,117.0,585
117,"0,1,0,0,3,1,3,2,0,0,0,0,0",1,-16.400000000000002,118.0,590
118,"0,0,0,2,3,0,1,0,0,0,0,1,0",1,-20.2,119.0,595
119,"0,0,1,0,2,1,1,3,0,0,0,0,1",1,-12.000000000000002,120.0,600
120,"0,1,1,0,0,0,1,0,0,0,0,1,1",1,-12.6,121.0,605
121,"0,0,0,1,0,1,3,0,0,0,0,0,0",1,-16.200000000000003,122.0,610
122,"0,0,1,0,2,0,0,0,0,0,1,1,1",1,-18.0,123.0,615
123,"0,0,0,0,3,1,1,0,0,0,0,0,0",1,-16.8,124.0,620
124,"0,0,1,0,2,2,4,2,0,0,1,1,1",1,-13.2,125.0,625
125,"0,0,0,0,3,0,4,3,0,0,0,1,1",1,-15.8,126.0,630
126,"0,0,1,1,0,1,3,2,0,0,1,1,0",1,-20.400000000000002,127.0,635
127,"0,0,0,1,0,0,0,3,0,0,0,0,0",1,-19.8,128.0,640
128,"1,0,0,0,0,0,2,0,0,0,1,1,1",1,-29.8,129.0,645
129,"0,0,0,1,0,2,0,0,0,1,1,1,0",1,-36.400000000000006,130.0,650
130,"1,0,1,1,2,2,0,2,0,0,1,0,0",1,-30.999999999999996,131.0,655
131,"0,1,0,1,0,1,2,0,0,1,0,0,0",1,-31.799999999999997,132.0,660
132,"0,1,0,1,0,0,0,2,0,0,0,0,0",1,-39.8,133.0,665
133,"0,1,1,2,1,1,3,2,0,0,0,0,0",1,-27.6,134.0,670
134,"0,0,0,1,3,0,5,0,0,1,0,1,0",1,-17.8,135.0,675
135,"0,1,1,2,3,1,0,0,0,1,0,1,0",1,-17.0,136.0,680
136,"0,0,0,2,3,2,1,0,0,0,0,1,1",1,-21.200000000000003,137.0,685
137,"0,1,1,2,0,1,1,3,0,0,0,1,0",1,-13.799999999999999,138.0,690
138,"0,1,1,0,1,0,3,3,0,0,1,0,1",1,-10.600000000000001,139.0,695
139,"0,0,1,0,2,0,0,0,0,0,1,0,0",1,-17.400000000000002,140.0,700
140,"0,0,0,1,2,1,0,2,0,0,0,0,0",1,-16.400000000000002,141.0,705
141,"0,0,1,0,1,0,1,0,0,0,0,1,1",1,-8.6,142.0,710
142,"0,0,1,0,2,0,1,0,0,0,0,1,1",1,-15.200000000000001,143.0,715
143,"0,0,0,0,3,1,4,2,0,0,0,0,0",1,-9.8,144.0,720
144,"0,0,0,0,0,1,0,3,0,0,0,1,1",1,-6.2,145.0,725
145,"0,0,0,0,0,1,0,0,0,0,1,1,1",1,-5.0,146.0,730
146,"1,0,0,0,0,0,2,2,0,0,1,1,0",1,-8.399999999999999,147.0,735
147,"1,0,0,1,0,2,0,0,0,1,0,1,0",1,-12.4,148.0,740
148,"0,0,0,0,0,2,4,2,0,1,1,0,0",1,-17.400000000000002,149.0,745
149,"0,1,0,1,0,0,0,1,0,0,0,0,0",1,-21.0,150.0,750
150,"0,1,1,1,0,1,2,2,0,1,0,1,0",1,-17.8,151.0,755
151,"0,1,0,2,0,2,5,3,0,0,0,0,1",1,-13.2,152.0,760
152,"0,0,1,2,1,0,3,2,0,1,1,1,0",1,-9.0,153.0,765
153,"0,1,0,1,3,1,0,0,0,0,1,0,1",1,-14.2,154.0,770
154,"0,1,1,0,2,0,0,0,0,0,1,1,0",1,-9.8,155.0,775
155,"0,0,0,0,3,0,1,2,0,0,0,1,1",1,-13.2,156.0,780
156,"0,1,1,0,3,1,1,3,0,0,0,0,1",1,-10.2,157.0,785
157,"0,0,1,1,0,0,0,0,0,0,0,1,0",1,-10.400000000000002,158.0,790
158,"0,0,0,0,2,1,3,0,0,0,0,0,1",1,-8.0,159.0,795
159,"0,0,0,0,2,2,0,3,0,0,1,1,1",1,-10.8,160.0,800
160,"0,0,0,1,3,0,1,0,0,0,1,1,0",1,-8.0,161.0,805
161,"0,0,1,0,0,1,4,3,0,0,1,1,1",1,-4.2,162.0,810
162,"0,0,0,0,0,1,1,2,0,0,0,1,0",1,-4.8,163.0,815
163,"0,0,0,0,0,0,4,0,0,0,1,1,0",1,-7.2,164.0,820
164,"0,0,0,0,0,2,0,2,0,0,1,1,0",1,-14.6,165.0,825
165,"0,0,0,1,0,0,2,0,0,1,1,1,0",1,-23.599999999999998,166.0,830
166,"1,0,1,1,2,2,2,2,0,0,0,1,0",1,-13.000000000000002,167.0,835
167,"1,1,0,1,3,1,0,2,0,0,0,0,0",1,-15.600000000000001,168.0,840
168,"0,1,1,2,3,2,0,3,0,1,0,0,0",1,-9.6,169.0,845
169,"0,1,0,1,0,1,3,0,0,1,1,1,0",1,-6.6,170.0,850
170,"0,1,0,1,1,0,0,2,0,0,0,1,0",1,-11.0,171.0,855
171,"0,0,1,2,3,1,5,0,0,0,0,0,0",1,-6.4,172.0,860
172,"0,1,0,0,3,2,1,0,0,0,0,0,1",1,-13.4,173.0,865
173,"0,1,1,1,0,0,1,3,0,0,0,0,1",1,-14.4,174.0,870
174,"0,0,1,2,2,0,0,2,0,0,1,1,1",1,-12.200000000000001,175.0,875
175,"0,0,1,0,0,1,3,0,0,0,0,0,0",1,-9.8,176.0,880
176,"0,0,1,0,1,0,1,0,0,0,0,0,0",1,-8.4,177.0,885
177,"0,0,0,1,2,0,4,2,0,0,0,1,1",1,-9.4,178.0,890
178,"0,0,1,0,0,1,0,3,0,0,1,1,1",1,-10.6,179.0,895
179,"0,0,0,0,2,1,4,0,0,0,0,1,0",1,-9.0,180.0,900
180,"0,0,0,0,3,0,1,2,0,0,0,1,0",1,-2.5999999999999996,181.0,905
181,"0,0,1,0,0,1,0,0,0,0,0,1,0",1,-1.0,182.0,910
182,"1,0,0,0,0,0,2,0,0,0,1,1,0",1,-10.2,183.0,915
183,"0,0,0,1,0,2,0,0,0,1,1,1,0",1,-9.0,184.0,920
184,"0,0,0,0,0,2,0,2,0,0,1,0,0",1,-16.6,185.0,925
185,"1,0,1,1,0,1,2,1,0,1,0,0,0",1,-16.200000000000003,186.0,930
186,"0,1,1,0,0,0,0,2,0,1,0,1,0",1,-18.8,187.0,935
187,"0,1,0,2,1,1,3,3,0,0,0,0,0",1,-12.399999999999999,188.0,940
188,"0,1,0,1,3,1,5,2,0,1,1,0,0",1,-11.0,189.0,945
189,"0,1,0,2,2,2,0,0,0,0,0,1,0",1,-12.0,190.0,950
190,"0,0,1,0,3,0,0,0,0,0,0,1,1",1,-13.4,191.0,955
191,"0,1,0,0,3,0,1,3,0,0,0,0,0",1,-11.4,192.0,960
192,"0,0,1,2,0,0,1,2,0,0,0,0,1",1,-9.8,193.0,965
193,"0,1,1,0,2,1,3,3,0,0,1,0,1",1,-8.8,194.0,970
194,"0,0,0,1,1,0,0,0,0,0,1,1,0",1,-9.0,195.0,975
195,"0,0,1,0,2,1,1,0,0,0,0,0,1",1,-11.2,196.0,980
196,"0,0,1,0,3,2,1,2,0,0,0,1,0",1,-6.8,197.0,985
197,"0,0,0,0,0,0,4,3,0,0,1,1,0",1,-6.0,198.0,990
198,"0,0,0,0,0,1,4,2,0,0,0,1,1",1,-5.800000000000001,199.0,995
199,"0,0,1,0,0,1,0,0,0,0,0,1,0",1,-10.4,200.0,1000
200,"1,0,0,1,0,0,2,0,0,0,1,0,1",1,-18.400000000000002,201.0,1005
201,"0,0,0,1,0,2,0,0,0,1,1,1,0",1,-19.0,202.0,1010
202,"0,0,0,1,2,2,0,3,0,0,1,0,0",1,-19.000000000000004,203.0,1015
203,"1,1,0,0,0,0,0,1,0,1,0,0,0",1,-16.6,204.0,1020
204,"0,1,1,1,0,1,2,2,0,1,0,0,0",1,-13.200000000000001,205.0,1025
205,"0,0,1,2,1,0,5,2,0,0,0,1,0",1,-12.0,206.0,1030
206,"0,1,0,2,3,0,3,0,0,0,1,0,0",1,-5.6,207.0,1035
207,"0,1,0,2,3,1,1,0,0,0,0,1,0",1,-9.6,208.0,1040
208,"0,1,1,2,3,1,0,3,0,0,0,1,1",1,-14.0,209.0,1045
209,"0,0,0,1,0,2,0,2,0,0,0,0,1",1,-6.0,210.0,1050
210,"0,0,1,0,1,0,1,0,0,0,0,0,0",1,-5.0,211.0,1055
211,"0,0,1,1,2,0,3,2,0,0,1,0,0",1,-4.4,212.0,1060
212,"0,0,0,0,3,0,4,3,0,0,1,0,1",1,-6.4,213.0,1065
213,"0,0,1,0,2,1,0,2,0,0,0,1,1",1,-3.4000000000000004,214.0,1070
214,"0,0,1,0,0,0,1,2,0,0,0,1,0",1,-9.200000000000001,215.0,1075
215,"0,0,0,0,2,1,4,0,0,0,0,0,1",1,-7.199999999999999,216.0,1080
216,"0,0,0,0,0,1,1,3,0,0,0,1,0",1,-4.6,217.0,1085
217,"0,0,0,0,0,0,0,0,0,0,1,1,0",1,-5.0,218.0,1090
218,"0,0,0,1,0,0,2,0,0,0,1,1,1",1,-11.799999999999999,219.0,1095
219,"0,0,0,1,0,2,0,0,0,1,0,1,0",1,-21.0,220.0,1100
220,"1,0,1,1,0,2,2,1,0,1,0,0,0",1,-22.200000000000003,221.0,1105
221,"1,1,0,0,0,0,0,2,0,0,1,1,0",1,-21.6,222.0,1110
222,"0,1,0,1,0,1,2,3,0,0,1,0,0",1,-23.0,223.0,1115
223,"0,1,1,2,0,1,3,2,0,1,1,0,1",1,-11.400000000000002,224.0,1120
224,"0,0,1,1,1,2,5,2,0,0,0,1,0",1,-6.800000000000001,225.0,1125
225,"0,1,0,2,0,1,1,2,0,0,0,0,0",1,-11.0,226.0,1130
226,"0,0,0,2,3,0,0,0,0,0,0,1,1",1,-15.2,227.0,1135
227,"0,1,1,0,3,0,3,0,0,0,0,0,1",1,-15.8,228.0,1140
228,"0,1,0,0,2,1,0,3,0,0,0,0,0",1,-12.000000000000002,229.0,1145
229,"0,0,0,1,0,1,1,0,0,0,0,1,1",1,-7.800000000000001,230.0,1150
230,"0,0,0,0,1,0,0,0,0,0,1,0,0",1,-7.8,231.0,1155
231,"0,0,1,0,3,2,1,3,0,0,0,1,0",1,-5.2,232.0,1160
232,"0,0,1,0,0,0,4,2,0,0,0,1,1",1,-5.4,233.0,1165
233,"0,0,0,1,2,0,1,0,0,0,1,1,1",1,-2.6,234.0,1170
234,"0,0,0,0,3,1,3,0,0,0,0,1,0",1,-3.0,235.0,1175
235,"0,0,1,0,0,1,0,2,0,0,1,1,0",1,-5.2,236.0,1180
236,"1,0,0,1,0,0,0,2,0,0,1,1,1",1,-14.999999999999998,237.0,1185
237,"0,0,0,0,0,2,2,0,0,1,1,1,0",1,-23.599999999999998,238.0,1190
238,"0,0,1,1,0,2,2,3,0,0,1,0,0",1,-31.4,239.0,1195
239,"1,1,0,1,2,0,0,1,0,1,0,0,0",1,-23.799999999999997,240.0,1200
240,"0,1,1,2,0,1,4,2,0,1,0,1,0",1,-16.6,241.0,1205
241,"0,0,0,1,0,0,5,3,0,0,0,0,0",1,-10.4,242.0,1210
242,"0,1,0,1,3,2,3,2,0,0,0,0,0",1,-17.4,243.0,1215
243,"0,1,1,0,3,1,0,0,0,0,0,1,1",1,-11.4,244.0,1220
244,"0,0,0,0,1,0,0,0,0,0,0,0,1",1,-16.8,245.0,1225
245,"0,1,1,0,3,1,0,3,0,0,0,1,0",1,-14.200000000000001,246.0,1230
246,"0,0,1,1,2,0,1,2,0,0,0,1,0",1,-10.799999999999999,247.0,1235
247,"0,1,1,0,2,1,1,0,0,0,0,0,1",1,-15.799999999999999,248.0,1240
248,"0,0,0,0,0,0,3,0,0,0,0,1,0",1,-12.6,249.0,1245
249,"0,0,1,0,3,1,0,3,0,0,0,0,0",1,-12.4,250.0,1250
250,"0,0,0,0,1,0,4,0,0,0,1,1,1",1,-6.0,251.0,1255
251,"0,1,0,0,0,0,4,0,0,0,1,1,1",1,-5.2,252.0,1260
252,"0,0,1,0,3,1,1,0,0,0,1,0,1",1,-2.8,253.0,1265
253,"0,0,1,0,0,1,0,2,0,0,0,1,0",1,-4.2,254.0,1270
254,"1,0,0,1,0,0,2,2,0,0,1,1,1",1,-10.399999999999999,255.0,1275
255,"0,0,0,1,0,2,0,0,0,1,1,1,0",1,-15.000000000000002,256.0,1280
256,"0,0,1,1,0,2,0,2,0,1,1,1,0",1,-20.2,257.0,1285
257,"1,1,0,0,0,0,2,1,0,0,0,0,0",1,-19.000000000000004,258.0,1290
258,"0,1,0,1,0,1,0,3,0,0,0,1,0",1,-16.0,259.0,1295
259,"0,1,1,2,0,2,3,2,0,1,0,0,0",1,-11.0,260.0,1300
260,"0,1,1,1,1,0,5,2,0,0,1,0,0",1,-13.6,261.0,1305
261,"0,0,0,1,2,1,0,0,0,0,0,1,1",1,-12.799999999999999,262.0,1310
262,"0,0,0,2,3,0,0,0,0,0,0,1,1",1,-14.599999999999998,263.0,1315
263,"0,0,1,2,3,0,3,3,0,0,0,0,0",1,-8.8,264.0,1320
264,"0,0,1,0,3,0,1,3,0,0,0,0,1",1,-12.8,265.0,1325
265,"0,1,1,1,0,1,1,0,0,0,0,0,1",1,-8.2,266.0,1330
266,"0,0,0,0,2,0,0,0,0,0,1,0,1",1,-11.8,267.0,1335
267,"0,0,0,0,0,1,1,0,0,0,1,1,0",1,-15.4,268.0,1340
268,"0,0,1,1,2,2,1,2,0,0,0,1,0",1,-10.000000000000002,269.0,1345
269,"0,0,0,0,1,1,4,0,0,0,0,1,0",1,-1.4,270.0,1350
270,"0,0,0,1,0,0,4,0,0,0,0,1,0",1,-7.200000000000001,271.0,1355
271,"0,0,0,0,0,1,0,3,0,0,1,0,0",1,-10.0,272.0,1360
272,"0,0,0,1,0,0,2,0,0,0,1,1,1",1,-16.0,273.0,1365
273,"0,0,0,1,0,2,0,0,0,1,1,0,1",1,-21.0,274.0,1370
274,"1,0,1,1,2,2,0,2,0,1,0,1,0",1,-14.399999999999999,275.0,1375
275,"0,1,0,0,0,1,2,1,0,0,0,1,0",1,-18.0,276.0,1380
276,"0,1,0,1,0,0,0,3,0,0,0,0,0",1,-19.4,277.0,1385
277,"0,1,1,2,1,2,5,2,0,1,0,0,0",1,-12.399999999999999,278.0,1390
278,"0,1,0,2,3,0,3,2,0,0,1,0,0",1,-18.0,279.0,1395
279,"1,0,0,1,3,1,0,0,0,0,0,1,0",1,-6.4,280.0,1400
280,"0,0,0,2,3,0,0,0,0,0,0,1,1",1,-13.8,281.0,1405
281,"0,1,1,0,0,0,1,2,0,0,0,0,1",1,-11.399999999999999,282.0,1410
282,"0,0,1,1,1,0,1,3,0,0,1,0,0",1,-6.2,283.0,1415
283,"0,0,1,1,2,1,3,0,0,0,1,0,0",1,-8.2,284.0,1420
284,"0,0,1,0,2,1,1,2,0,0,0,1,1",1,-3.4,285.0,1425
285,"0,0,0,0,0,0,1,2,0,0,0,1,0",1,-7.199999999999999,286.0,1430
286,"0,0,1,0,0,0,4,0,0,0,1,1,1",1,-7.0,287.0,1435
287,"0,0,0,0,0,0,0,3,0,0,1,1,0",1,-3.8,288.0,1440
288,"0,0,1,1,0,1,3,0,0,0,1,1,0",1,-3.4000000000000004,289.0,1445
289,"0,0,0,0,0,0,4,2,0,0,0,1,1",1,-3.8,290.0,1450
290,"1,0,1,0,0,2,0,2,0,0,1,1,1",1,-10.799999999999999,291.0,1455
291,"0,0,0,1,0,2,2,3,0,1,1,0,0",1,-16.6,292.0,1460
292,"0,1,0,1,0,0,2,1,0,1,0,1,0",1,-21.0,293.0,1465
293,"1,0,0,1,0,1,0,1,0,0,0,1,0",1,-18.599999999999998,294.0,1470
294,"0,1,0,1,0,1,0,2,0,0,1,0,0",1,-18.4,295.0,1475
295,"0,1,1,1,2,2,5,2,0,0,0,0,1",1,-6.199999999999999,296.0,1480
296,"0,1,1,2,0,0,3,2,0,0,0,0,0",1,-8.200000000000001,297.0,1485
297,"0,1,0,1,3,1,0,0,0,0,0,0,0",1,-17.4,298.0,1490
298,"0,0,0,2,3,1,0,0,0,0,0,1,0",1,-16.6,299.0,1495
299,"0,0,1,0,0,0,0,3,0,0,0,0,1",1,-13.0,300.0,1500
300,"0,1,0,0,1,0,1,2,0,0,0,1,1",1,-4.0,301.0,1505
301,"0,0,0,1,3,0,1,0,0,0,0,0,0",1,-10.399999999999999,302.0,1510
302,"0,0,0,0,2,1,3,3,0,0,1,1,1",1,-12.400000000000002,303.0,1515
303,"0,0,1,0,1,1,1,0,0,0,0,0,1",1,-10.8,304.0,1520
304,"0,0,1,0,3,2,4,0,0,0,1,1,0",1,-3.8,305.0,1525
305,"0,0,0,0,2,1,1,0,0,0,0,1,0",1,-5.4,306.0,1530
306,"0,0,1,1,0,1,4,2,0,0,1,1,1",1,-2.2,307.0,1535
307,"0,0,0,0,0,0,0,3,0,0,0,0,1",1,-6.4,308.0,1540
308,"1,0,0,0,0,2,2,2,0,0,1,1,0",1,-6.0,309.0,1545
309,"0,0,0,1,0,0,0,0,0,1,1,1,0",1,-13.200000000000003,310.0,1550
310,"0,0,0,0,0,2,0,2,0,0,1,1,0",1,-16.400000000000002,311.0,1555
311,"1,1,1,1,2,2,2,1,0,1,0,0,0",1,-7.8,312.0,1560
312,"0,1,0,1,3,0,0,2,0,1,0,1,0",1,-11.600000000000001,313.0,1565
313,"0,1,0,2,0,0,5,3,0,0,0,0,0",1,-9.0,314.0,1570
314,"0,0,1,2,1,1,0,2,0,0,1,0,0",1,-9.600000000000001,315.0,1575
315,"0,1,0,1,3,1,3,0,0,0,0,1,0",1,-9.4,316.0,1580
316,"0,1,0,0,3,2,0,3,0,0,0,1,1",1,-12.0,317.0,1585
317,"0,1,1,2,3,1,1,0,0,0,0,0,0",1,-13.0,318.0,1590
318,"0,0,1,0,0,0,3,0,0,0,0,0,1",1,-12.8,319.0,1595
319,"0,0,1,1,2,0,1,2,0,0,1,0,0",1,-3.8,320.0,1600
320,"0,0,1,0,2,0,0,0,0,0,1,1,0",1,-7.4,321.0,1605
321,"0,0,0,0,0,0,1,0,0,0,1,1,1",1,-10.4,322.0,1610
322,"0,0,1,1,2,1,4,0,0,0,0,0,1",1,-4.6000000000000005,323.0,1615
323,"0,0,0,0,0,1,0,3,0,0,0,1,0",1,-6.0,324.0,1620
324,"0,0,1,0,0,0,4,2,0,0,1,1,0",1,-3.4000000000000004,325.0,1625
325,"0,0,0,0,0,1,0,2,0,0,1,1,1",1,-1.2,326.0,1630
326,"0,0,0,0,0,0,2,3,0,0,0,1,1",1,-7.6,327.0,1635
327,"0,0,1,1,0,2,0,0,0,1,1,1,0",1,-12.6,328.0,1640
328,"1,0,0,0,0,2,0,2,0,0,1,1,0",1,-9.0,329.0,1645
329,"1,1,0,1,0,0,2,1,0,0,0,0,0",1,-16.4,330.0,1650
330,"0,1,1,1,0,2,0,2,0,1,0,0,0",1,-9.399999999999999,331.0,1655
331,"0,1,0,1,0,0,5,2,0,1,1,0,0",1,-13.8,332.0,1660
332,"0,0,0,2,1,0,3,2,0,0,0,0,0",1,-14.799999999999999,333.0,1665
333,"0,0,0,2,2,1,0,0,0,0,0,1,0",1,-18.0,334.0,1670
334,"0,1,1,0,3,0,1,3,0,0,0,1,1",1,-11.200000000000001,335.0,1675
335,"0,1,1,2,3,0,1,0,0,0,0,0,1",1,-13.600000000000001,336.0,1680
336,"0,0,1,0,3,1,3,0,0,0,0,0,1",1,-14.6,337.0,1685
337,"0,0,1,1,0,0,0,0,0,0,1,1,0",1,-5.6000000000000005,338.0,1690
338,"0,0,1,0,2,2,4,0,0,0,1,0,0",1,-8.0,339.0,1695
339,"0,0,1,0,1,0,1,3,0,0,0,1,0",1,-5.0,340.0,1700
340,"0,0,0,1,0,1,4,2,0,0,0,1,1",1,-9.8,341.0,1705
341,"0,0,0,0,2,1,1,3,0,0,0,1,0",1,-6.4,342.0,1710
342,"0,0,0,0,2,0,3,0,0,0,0,0,1",1,-1.0,343.0,1715
343,"0,0,0,1,0,0,0,2,0,0,1,1,1",1,-1.0,344.0,1720
344,"1,0,0,0,0,2,0,2,0,0,1,1,0",1,-4.6,345.0,1725
345,"0,0,0,0,0,0,2,0,0,1,1,1,0",1,-16.2,346.0,1730
346,"0,0,1,1,0,2,2,1,0,0,0,1,0",1,-21.599999999999998,347.0,1735
347,"0,0,0,1,2,1,0,2,0,1,0,0,0",1,-27.599999999999998,348.0,1740
348,"1,1,0,1,0,2,5,2,0,0,1,1,0",1,-23.8,349.0,1745
349,"0,1,1,2,3,0,0,3,0,1,0,0,1",1,-6.4,350.0,1750
350,"0,1,1,2,1,1,3,0,0,1,0,0,0",1,-13.600000000000001,351.0,1755
351,"0,1,0,0,3,1,0,0,0,0,0,1,0",1,-15.399999999999999,352.0,1760
352,"0,0,0,0,3,2,0,3,0,0,0,0,0",1,-12.8,353.0,1765
353,"0,1,0,2,0,0,0,0,0,0,0,1,1",1,-10.4,354.0,1770
354,"0,0,0,0,0,0,3,2,0,0,0,1,1",1,-9.4,355.0,1775
355,"0,0,1,1,2,0,0,0,0,0,0,0,0",1,-11.200000000000001,356.0,1780
356,"0,1,1,0,1,1,1,0,0,0,0,0,0",1,-7.800000000000001,357.0,1785
357,"0,0,0,0,2,0,1,3,0,0,1,1,1",1,-7.4,358.0,1790
358,"0,0,0,1,2,1,4,0,0,0,1,1,1",1,-7.4,359.0,1795
359,"0,0,1,0,3,1,1,0,0,0,0,1,0",1,-4.0,360.0,1800
360,"0,0,0,0,0,0,1,0,0,0,0,1,0",1,-7.6,361.0,1805
361,"0,0,0,0,0,1,0,0,0,0,1,1,0",1,-14.4,362.0,1810
362,"0,0,0,1,0,0,0,2,0,0,1,0,1",1,-17.2,363.0,1815
363,"1,0,0,0,0,2,0,0,0,1,1,0,0",1,-20.2,364.0,1820
364,"0,0,1,1,0,2,2,2,0,0,1,1,0",1,-26.800000000000004,365.0,1825
365,"1,1,0,1,0,0,2,2,0,1,1,0,0",1,-27.2,366.0,1830
366,"0,1,0,1,0,1,0,3,0,1,0,0,0",1,-23.800000000000004,367.0,1835
367,"0,1,1,1,1,1,5,0,0,0,0,0,0",1,-10.0,368.0,1840
368,"0,1,0,2,1,0,3,2,0,0,0,1,0",1,-6.800000000000001,369.0,1845
369,"0,1,0,2,2,1,0,2,0,0,0,1,0",1,-11.0,370.0,1850
370,"0,1,1,2,3,0,1,0,0,0,0,0,1",1,-13.0,371.0,1855
371,"0,0,1,0,3,0,1,3,0,0,0,0,0",1,-9.8,372.0,1860
372,"0,0,1,1,3,0,3,0,0,0,0,1,1",1,-6.4,373.0,1865
373,"0,0,0,0,0,0,1,0,0,0,0,0,1",1,-6.0,374.0,1870
374,"0,0,0,0,0,1,0,2,0,0,0,1,0",1,-5.2,375.0,1875
375,"0,0,1,0,2,1,0,3,0,0,1,1,1",1,-6.4,376.0,1880
376,"0,0,0,0,2,2,0,3,0,0,1,0,0",1,-6.4,377.0,1885
377,"0,0,1,1,0,1,4,0,0,0,1,1,0",1,-6.6,378.0,1890
378,"0,0,0,0,0,0,4,0,0,0,1,1,1",1,-5.6,379.0,1895
379,"0,0,1,0,0,0,0,2,0,0,0,1,0",1,-8.4,380.0,1900
380,"1,0,0,1,0,2,2,3,0,0,0,1,0",1,-10.4,381.0,1905
381,"0,0,0,1,0,0,0,0,0,1,1,1,1",1,-11.0,382.0,1910
382,"0,0,0,0,2,2,0,1,0,0,1,0,0",1,-13.6,383.0,1915
383,"1,1,0,1,0,1,2,2,0,1,1,1,0",1,-6.4,384.0,1920
384,"0,1,1,2,0,1,0,2,0,1,0,1,0",1,-10.000000000000002,385.0,1925
385,"0,0,1,1,0,2,5,0,0,0,0,0,0",1,-7.2,386.0,1930
386,"0,1,1,1,3,0,3,2,0,0,1,0,0",1,-9.2,387.0,1935
387,"0,1,0,2,3,1,0,0,0,0,0,1,0",1,-10.4,388.0,1940
388,"0,1,0,0,1,2,3,3,0,0,0,0,1",1,-9.4,389.0,1945
389,"0,0,1,0,0,1,1,0,0,0,0,1,1",1,-7.0,390.0,1950
390,"0,0,1,1,2,0,0,0,0,0,0,0,0",1,-12.6,391.0,1955
391,"0,0,0,0,3,0,0,2,0,0,0,0,0",1,-11.0,392.0,1960
392,"0,0,0,0,2,1,1,0,0,0,0,1,1",1,-10.2,393.0,1965
393,"0,0,0,1,1,0,0,2,0,0,1,1,1",1,-6.800000000000001,394.0,1970
394,"0,0,0,0,2,1,1,3,0,0,0,1,1",1,-12.2,395.0,1975
395,"0,0,1,0,3,0,4,0,0,0,0,0,0",1,-1.4,396.0,1980
396,"0,0,0,0,0,1,4,2,0,0,1,1,0",1,-2.4,397.0,1985
397,"0,0,0,0,0,0,0,3,0,0,1,1,1",1,0.0,398.0,1990
398,"0,0,0,0,0,0,2,3,0,0,1,1,0",1,-10.0,399.0,1995
399,"1,0,0,1,0,2,0,0,0,1,1,1,0",1,-12.8,400.0,2000
400,"0,0,1,0,0,2,0,2,0,0,1,1,0",1,-13.4,401.0,2005
401,"1,0,1,1,0,0,2,1,0,0,1,0,0",1,-19.8,402.0,2010
402,"0,1,0,1,0,1,0,2,0,1,0,0,0",1,-10.0,403.0,2015
403,"0,1,0,2,2,1,5,3,0,1,0,0,0",1,-8.0,404.0,2020
404,"0,1,1,2,1,2,0,2,0,0,0,0,0",1,-8.600000000000001,405.0,2025
405,"0,1,0,1,3,1,3,2,0,0,0,1,0",1,-3.8,406.0,2030
406,"0,1,0,0,3,0,1,0,0,0,0,1,1",1,-6.200000000000001,407.0,2035
407,"0,0,1,2,0,0,1,3,0,0,0,0,1",1,-13.6,408.0,2040
408,"0,0,0,1,3,0,3,0,0,0,0,1,1",1,-10.4,409.0,2045
409,"0,0,1,0,2,0,0,0,0,0,0,0,0",1,-7.0,410.0,2050
410,"0,0,0,0,2,2,0,0,0,0,1,0,1",1,-14.0,411.0,2055
411,"0,0,0,1,3,1,0,0,0,0,0,1,1",1,-12.2,412.0,2060
412,"0,0,1,0,1,1,1,0,0,0,1,1,0",1,-5.4,413.0,2065
413,"0,0,0,0,3,0,4,3,0,0,0,1,0",1,-6.800000000000001,414.0,2070
414,"0,0,0,0,0,1,4,2,0,0,0,0,1",1,-5.8,415.0,2075
415,"0,0,0,0,0,2,0,2,0,0,1,0,0",1,-8.2,416.0,2080
416,"1,0,0,0,0,0,2,2,0,0,1,1,0",1,-12.6,417.0,2085
417,"0,0,1,1,0,2,0,0,0,1,1,1,0",1,-15.000000000000002,418.0,2090
418,"0,0,0,0,2,0,0,2,0,0,1,1,0",1,-16.200000000000003,419.0,2095
419,"0,1,0,1,0,1,2,1,0,1,0,0,0",1,-23.800000000000004,420.0,2100
420,"0,1,1,1,0,2,5,2,0,0,0,1,0",1,-21.200000000000003,421.0,2105
421,"0,1,1,1,0,0,0,2,0,1,0,0,0",1,-28.6,422.0,2110
422,"0,0,0,2,3,0,3,3,0,1,1,0,0",1,-20.6,423.0,2115
423,"0,0,0,1,3,1,0,0,0,0,0,1,0",1,-31.599999999999994,424.0,2120
424,"0,1,1,2,1,2,0,3,0,0,0,1,1",1,-19.6,425.0,2125
425,"0,1,1,0,0,0,1,0,0,0,0,0,1",1,-23.6,426.0,2130
426,"0,0,0,0,3,1,1,0,0,0,0,0,0",1,-25.2,427.0,2135
427,"0,0,0,0,3,1,3,2,0,0,0,1,0",1,-22.8,428.0,2140
428,"0,1,1,1,2,0,4,3,0,0,0,0,1",1,-16.8,429.0,2145
429,"0,0,0,0,0,0,0,0,0,0,1,1,1",1,-21.4,430.0,2150
430,"0,0,0,0,2,1,1,2,0,0,0,1,0",1,-24.0,431.0,2155
431,"0,0,1,0,1,1,4,3,0,0,1,1,0",1,-21.8,432.0,2160
432,"0,0,0,1,2,0,3,2,0,0,0,1,0",1,-19.200000000000003,433.0,2165
433,"0,0,1,0,0,1,0,0,0,0,1,1,0",1,-23.2,434.0,2170
434,"1,0,0,0,0,0,0,0,0,0,1,1,1",1,-8.6,435.0,2175
435,"0,0,0,1,0,2,2,0,0,1,1,0,0",1,-13.0,436.0,2180
436,"0,0,1,0,0,2,0,2,0,1,1,1,0",1,-27.0,437.0,2185
437,"0,1,0,1,0,1,2,1,0,0,0,1,0",1,-27.2,438.0,2190
438,"1,1,0,2,0,0,2,3,0,0,0,0,1",1,-14.799999999999999,439.0,2195
439,"0,1,1,1,1,1,5,2,0,0,0,0,0",1,-11.8,440.0,2200
440,"0,1,1,2,3,2,3,2,0,0,0,0,0",1,-11.8,441.0,2205
441,"0,0,0,1,2,1,0,0,0,0,0,0,1",1,-13.6,442.0,2210
442,"0,0,0,2,3,0,0,2,0,0,0,1,1",1,-11.2,443.0,2215
443,"0,1,0,2,3,0,1,0,0,0,0,1,0",1,-17.400000000000002,444.0,2220
444,"0,0,0,0,0,0,3,0,0,0,0,0,1",1,-18.4,445.0,2225
445,"0,0,1,0,1,1,1,3,0,0,0,0,1",1,-11.8,446.0,2230
446,"0,0,0,0,2,0,0,3,0,0,0,0,0",1,-20.8,447.0,2235
447,"0,0,0,1,0,1,0,0,0,0,1,1,0",1,-23.199999999999996,448.0,2240
448,"0,0,1,0,2,1,1,0,0,0,1,1,1",1,-18.200000000000003,449.0,2245
449,"0,0,0,0,0,2,4,0,0,0,0,1,0",1,-24.6,450.0,2250
450,"0,0,1,0,2,0,1,0,0,0,0,1,1",1,-22.8,451.0,2255
451,"0,0,0,0,0,1,0,3,0,0,1,0,0",1,-26.0,452.0,2260
452,"1,0,0,0,0,0,0,2,0,0,1,1,0",1,-19.400000000000002,453.0,2265
453,"0,0,0,1,0,2,2,0,0,1,1,1,1",1,-26.599999999999998,454.0,2270
454,"1,0,0,1,0,2,2,2,0,1,1,1,0",1,-31.4,455.0,2275
455,"0,1,1,1,2,1,4,2,0,0,0,0,0",1,-21.2,456.0,2280
456,"0,1,0,1,3,0,0,3,0,0,1,0,0",1,-12.600000000000001,457.0,2285
457,"0,1,1,2,1,0,5,0,0,1,0,0,0",1,-6.200000000000001,458.0,2290
458,"0,0,0,2,3,0,3,0,0,0,0,0,0",1,-13.6,459.0,2295
459,"0,1,1,0,3,1,0,2,0,0,0,1,0",1,-13.6,460.0,2300
460,"0,1,0,0,3,2,0,0,0,0,1,1,1",1,-13.4,461.0,2305
461,"0,0,1,0,0,1,3,0,0,0,0,0,1",1,-10.0,462.0,2310
462,"0,0,1,0,0,0,1,3,0,0,0,0,0",1,-19.0,463.0,2315
463,"0,0,0,1,2,0,1,2,0,0,1,1,0",1,-15.8,464.0,2320
464,"0,0,0,0,2,0,0,3,0,0,0,0,1",1,-15.4,465.0,2325
465,"0,0,0,0,0,1,1,0,0,0,0,1,1",1,-17.4,466.0,2330
466,"0,0,1,1,2,1,1,0,0,0,0,0,1",1,-20.4,467.0,2335
467,"0,0,1,0,0,1,4,0,0,0,0,1,0",1,-16.6,468.0,2340
468,"0,0,0,0,0,0,0,2,0,0,0,1,0",1,-19.0,469.0,2345
469,"0,0,0,0,0,0,4,3,0,0,1,1,1",1,-20.2,470.0,2350
470,"1,0,0,0,0,0,0,2,0,0,0,1,0",1,-11.4,471.0,2355
471,"0,0,0,1,0,2,2,0,0,1,1,1,0",1,-15.799999999999999,472.0,2360
472,"0,0,0,1,0,2,0,2,0,0,1,1,0",1,-28.4,473.0,2365
473,"1,1,1,1,0,0,2,1,0,1,1,0,0",1,-22.400000000000002,474.0,2370
474,"0,1,0,2,0,1,2,3,0,1,0,0,0",1,-18.0,475.0,2375
475,"0,1,1,1,0,2,5,2,0,0,0,0,0",1,-16.8,476.0,2380
476,"0,0,0,1,1,0,3,2,0,0,1,0,0",1,-24.2,477.0,2385
477,"0,1,1,2,2,1,0,0,0,0,0,1,1",1,-12.2,478.0,2390
478,"0,1,0,0,3,0,1,3,0,0,0,0,0",1,-13.799999999999999,479.0,2395
479,"0,1,0,0,3,1,1,0,0,0,0,1,1",1,-17.6,480.0,2400
480,"0,0,1,1,2,0,3,0,0,0,0,0,1",1,-19.6,481.0,2405
481,"0,0,1,0,3,0,0,0,0,0,0,0,1",1,-25.800000000000004,482.0,2410
482,"0,0,0,0,0,0,0,0,0,0,0,1,0",1,-25.199999999999996,483.0,2415
483,"0,0,1,0,2,2,4,3,0,0,1,0,1",1,-25.6,484.0,2420
484,"0,0,1,1,3,1,0,0,0,0,0,1,1",1,-31.0,485.0,2425
485,"0,0,1,0,0,1,1,2,0,0,0,1,0",1,-32.800000000000004,486.0,2430
486,"0,0,0,0,1,0,1,3,0,0,1,1,0",1,-28.8,487.0,2435
487,"0,0,0,0,0,1,0,0,0,0,0,1,1",1,-29.6,488.0,2440
488,"1,0,0,1,0,0,0,2,0,0,1,1,0",1,-27.799999999999997,489.0,2445
489,"0,0,0,1,0,2,2,0,0,1,1,0,0",1,-32.8,490.0,2450
490,"1,0,1,1,2,2,2,2,0,0,1,1,0",1,-23.0,491.0,2455
491,"0,1,1,0,0,1,0,1,0,1,1,0,0",1,-25.2,492.0,2460
492,"0,1,0,2,3,0,4,3,0,1,0,1,0",1,-13.2,493.0,2465
493,"0,0,0,1,0,0,5,2,0,0,0,0,0",1,-10.0,494.0,2470
494,"0,1,1,1,1,0,3,2,0,0,0,1,0",1,-13.8,495.0,2475
495,"0,1,0,0,3,1,0,0,0,0,0,0,0",1,-19.400000000000002,496.0,2480
496,"0,0,0,0,3,2,0,3,0,0,1,1,0",1,-14.200000000000001,497.0,2485
497,"0,1,1,2,3,1,1,0,0,0,0,0,1",1,-19.400000000000002,498.0,2490
498,"0,0,1,0,2,0,1,0,0,0,0,1,1",1,-26.400000000000002,499.0,2495
499,"0,0,1,1,2,0,3,2,0,0,0,0,0",1,-28.2,500.0,2500
500,"0,0,0,0,0,1,1,0,0,0,1,0,1",1,-27.800000000000004,501.0,2505
501,"0,0,0,0,1,0,4,2,0,0,0,1,1",1,-24.0,502.0,2510
502,"0,0,0,1,2,1,1,0,0,0,1,1,0",1,-31.0,503.0,2515
503,"0,0,1,0,3,1,4,3,0,0,0,1,0",1,-22.200000000000003,504.0,2520
504,"0,0,1,0,0,1,0,0,0,0,0,1,1",1,-23.400000000000002,505.0,2525
505,"0,0,0,1,0,1,0,2,0,0,1,1,0",1,-20.2,506.0,2530
506,"0,0,0,0,0,0,2,3,0,0,1,0,1",1,-26.200000000000003,507.0,2535
507,"1,0,0,1,0,2,0,0,0,1,1,1,0",1,-11.8,508.0,2540
508,"0,1,1,0,0,2,0,2,0,1,0,1,0",1,-15.000000000000002,509.0,2545
509,"1,0,0,1,0,0,2,1,0,0,1,0,0",1,-13.8,510.0,2550
510,"0,1,0,2,0,2,3,2,0,0,0,1,0",1,-10.0,511.0,2555
511,"0,1,1,1,0,0,5,2,0,1,1,0,0",1,-9.0,512.0,2560
512,"0,1,0,2,1,1,3,3,0,0,0,0,0",1,-11.2,513.0,2565
513,"0,1,0,0,3,1,0,0,0,0,0,1,0",1,-20.6,514.0,2570
514,"0,1,1,1,3,0,1,0,0,0,0,1,0",1,-26.0,515.0,2575
515,"0,0,1,0,2,0,3,2,0,0,0,0,1",1,-17.8,516.0,2580
516,"0,0,1,1,0,0,1,3,0,0,1,0,1",1,-15.0,517.0,2585
517,"0,0,1,1,3,0,0,0,0,0,0,0,1",1,-19.2,518.0,2590
518,"0,0,1,0,1,0,0,0,0,0,1,1,0",1,-20.0,519.0,2595
519,"0,0,0,0,2,1,0,0,0,0,1,0,0",1,-25.0,520.0,2600
520,"0,0,1,0,0,1,1,3,0,0,0,1,1",1,-24.200000000000003,521.0,2605
521,"0,0,0,0,0,2,4,2,0,0,0,1,0",1,-22.0,522.0,2610
522,"0,0,0,1,3,1,1,0,0,0,0,1,1",1,-16.0,523.0,2615
523,"0,0,0,0,0,1,4,2,0,0,0,0,0",1,-18.4,524.0,2620
524,"1,0,0,0,0,0,0,2,0,0,1,1,1",1,-11.6,525.0,2625
525,"0,0,0,1,0,2,2,0,0,1,1,1,0",1,-13.8,526.0,2630
526,"0,0,0,1,0,2,2,3,0,0,1,1,0",1,-14.4,527.0,2635
527,"1,1,1,0,2,0,0,1,0,0,0,0,0",1,-7.800000000000001,528.0,2640
528,"0,1,0,1,0,0,0,2,0,1,1,0,0",1,-11.4,529.0,2645
529,"0,1,1,2,0,0,3,2,0,1,0,1,1",1,-8.4,530.0,2650
530,"0,1,0,2,1,0,5,0,0,0,1,0,0",1,-15.0,531.0,2655
531,"0,0,1,0,3,1,0,0,0,0,0,1,0",1,-19.6,532.0,2660
532,"0,1,0,0,3,2,1,3,0,0,0,1,0",1,-20.0,533.0,2665
533,"0,0,1,0,3,0,0,0,0,0,0,0,1",1,-19.4,534.0,2670
534,"0,0,1,2,0,0,1,2,0,0,0,0,1",1,-16.200000000000003,535.0,2675
535,"0,1,0,1,2,1,3,3,0,0,0,0,1",1,-16.6,536.0,2680
536,"0,0,1,0,2,0,0,0,0,0,1,1,0",1,-20.6,537.0,2685
537,"0,0,0,0,1,1,1,0,0,0,1,0,0",1,-18.0,538.0,2690
538,"0,0,1,0,0,1,4,3,0,0,0,1,0",1,-20.4,539.0,2695
539,"0,0,1,1,2,1,4,2,0,0,0,1,1",1,-14.8,540.0,2700
540,"0,0,0,0,0,0,3,0,0,0,0,1,1",1,-19.0,541.0,2705
541,"0,0,0,0,0,1,0,2,0,0,0,1,0",1,-18.200000000000003,542.0,2710
542,"1,0,0,1,0,0,2,2,0,0,1,1,1",1,-9.0,543.0,2715
543,"0,0,0,1,0,2,0,3,0,1,1,1,0",1,-14.2,544.0,2720
544,"1,0,0,0,0,2,0,1,0,0,0,0,0",1,-16.200000000000003,545.0,2725
545,"0,1,1,1,0,0,0,1,0,1,0,1,0",1,-16.799999999999997,546.0,2730
546,"0,1,0,1,0,2,2,2,0,1,1,1,0",1,-14.200000000000001,547.0,2735
547,"0,0,0,2,3,0,5,2,0,0,0,0,0",1,-14.799999999999999,548.0,2740
548,"0,0,0,1,2,0,3,0,0,0,0,0,0",1,-24.0,549.0,2745
549,"0,1,1,2,1,1,0,0,0,0,0,1,0",1,-23.4,550.0,2750
550,"0,1,1,0,0,0,0,0,0,0,1,1,1",1,-25.2,551.0,2755
551,"0,1,0,2,3,1,1,3,0,0,1,0,0",1,-21.8,552.0,2760
552,"0,0,1,1,3,1,1,2,0,0,0,0,1",1,-16.200000000000003,553.0,2765
553,"0,0,0,1,2,0,3,0,0,0,0,1,1",1,-11.799999999999999,554.0,2770
554,"0,0,0,0,2,2,1,0,0,0,1,0,1",1,-14.4,555.0,2775
555,"0,0,1,0,3,0,1,0,0,0,1,1,0",1,-14.8,556.0,2780
556,"0,0,1,0,2,1,4,2,0,0,0,1,0",1,-16.400000000000002,557.0,2785
557,"0,0,0,1,0,1,4,3,0,0,0,1,0",1,-17.200000000000003,558.0,2790
558,"0,0,0,0,0,1,0,0,0,0,0,1,1",1,-19.6,559.0,2795
559,"0,0,0,0,0,0,0,2,0,0,1,1,0",1,-22.400000000000002,560.0,2800
560,"1,0,0,0,0,2,2,2,0,0,1,1,1",1,-14.799999999999999,561.0,2805
561,"0,0,0,1,0,0,0,0,0,1,1,1,1",1,-19.4,562.0,2810
562,"1,0,1,1,2,2,0,2,0,1,1,1,0",1,-17.0,563.0,2815
563,"0,1,0,1,0,2,2,1,0,0,1,0,0",1,-19.400000000000002,564.0,2820
564,"0,0,1,1,3,0,3,3,0,0,0,0,0",1,-17.6,565.0,2825
565,"0,1,0,2,0,0,3,2,0,1,0,0,0",1,-13.6,566.0,2830
566,"0,1,0,1,1,0,0,2,0,0,0,0,0",1,-19.799999999999997,567.0,2835
567,"0,1,1,2,3,1,5,0,0,0,0,1,0",1,-12.0,568.0,2840
568,"0,1,0,2,3,1,1,0,0,0,0,1,1",1,-19.8,569.0,2845
569,"0,0,1,0,3,2,1,0,0,0,0,0,0",1,-18.4,570.0,2850
570,"0,0,1,2,0,0,3,3,0,0,0,0,1",1,-20.2,571.0,2855
571,"0,0,1,0,1,0,0,2,0,0,0,1,1",1,-15.0,572.0,2860
572,"0,0,0,0,2,0,0,0,0,0,1,0,0",1,-17.2,573.0,2865
573,"0,0,0,1,2,1,1,2,0,0,1,1,0",1,-15.0,574.0,2870
574,"0,0,1,1,2,1,4,3,0,0,1,0,1",1,-15.600000000000001,575.0,2875
575,"0,0,1,0,0,1,0,2,0,0,0,1,0",1,-17.6,576.0,2880
576,"0,0,0,0,0,0,4,0,0,0,0,1,1",1,-15.8,577.0,2885
577,"0,0,0,0,0,1,0,3,0,0,1,1,0",1,-19.8,578.0,2890
578,"1,0,0,0,0,0,2,0,0,0,0,1,1",1,-6.4,579.0,2895
579,"1,0,0,1,0,2,0,0,0,1,1,1,0",1,-11.8,580.0,2900
580,"0,0,0,0,0,2,0,1,0,0,1,1,0",1,-18.6,581.0,2905
581,"0,1,0,1,0,0,2,2,0,1,1,0,0",1,-18.4,582.0,2910
582,"0,1,1,1,0,2,5,2,0,1,0,1,0",1,-19.4,583.0,2915
583,"0,0,1,1,1,0,0,3,0,0,0,0,1",1,-4.800000000000001,584.0,2920
584,"0,1,0,2,3,0,3,2,0,0,0,0,0",1,-3.5999999999999996,585.0,2925
585,"0,1,0,2,2,1,0,0,0,0,0,1,0",1,-8.6,586.0,2930
586,"0,1,1,1,3,1,1,0,0,0,0,1,1",1,-9.8,587.0,2935
587,"0,0,0,0,3,0,1,3,0,0,0,0,1",1,-6.800000000000001,588.0,2940
588,"0,0,0,1,0,0,3,0,0,0,0,1,0",1,-1.4,589.0,2945
589,"0,0,0,2,3,0,0,0,0,0,0,0,1",1,-2.4,590.0,2950
590,"0,0,0,0,2,0,0,0,0,0,1,0,1",1,-7.4,591.0,2955
591,"0,0,1,0,2,1,1,2,0,0,1,1,0",1,-7.4,592.0,2960
592,"0,0,1,1,0,1,4,3,0,0,0,1,1",1,-7.4,593.0,2965
593,"0,0,0,0,2,2,1,0,0,0,0,0,0",1,-3.4,594.0,2970
594,"0,0,0,0,0,1,4,0,0,0,0,1,0",1,-3.6,595.0,2975
595,"0,0,0,0,0,1,0,2,0,0,1,1,1",1,-3.8000000000000003,596.0,2980
596,"1,0,0,0,0,0,0,0,0,0,1,1,0",1,-9.600000000000001,597.0,2985
597,"0,0,0,1,0,2,2,0,0,1,1,0,1",1,-13.000000000000002,598.0,2990
598,"0,0,1,1,0,2,2,2,0,0,1,1,0",1,-20.4,599.0,2995
599,"1,1,0,1,2,0,0,1,0,1,0,1,0",1,-14.0,600.0,3000
600,"0,0,0,1,0,0,0,2,0,0,0,0,0",1,-13.0,601.0,3005
601,"0,1,1,2,0,0,5,3,0,1,0,0,0",1,-5.2,602.0,3010
602,"0,1,1,2,1,1,3,2,0,1,1,0,0",1,-9.8,603.0,3015
603,"0,1,0,1,3,2,1,2,0,0,0,1,0",1,-10.799999999999999,604.0,3020
604,"0,0,0,2,3,1,0,0,0,0,0,1,1",1,-15.400000000000002,605.0,3025
605,"0,1,1,2,3,1,3,3,0,0,0,0,1",1,-10.4,606.0,3030
606,"0,1,1,1,0,0,1,0,0,0,0,0,0",1,-4.4,607.0,3035
607,"0,0,0,1,2,0,0,0,0,0,0,0,0",1,-7.800000000000001,608.0,3040
608,"0,0,1,0,1,1,0,0,0,0,1,0,0",1,-8.2,609.0,3045
609,"0,0,0,0,2,0,0,3,0,0,1,1,1",1,-1.4,610.0,3050
610,"0,0,0,1,2,0,1,0,0,0,0,1,1",1,-7.4,611.0,3055
611,"0,0,1,0,0,0,1,0,0,0,0,0,0",1,-5.6000000000000005,612.0,3060
612,"0,0,0,0,0,0,4,2,0,0,0,1,0",1,-4.2,613.0,3065
613,"0,0,0,1,0,1,0,2,0,0,1,1,0",1,-8.600000000000001,614.0,3070
614,"1,0,0,0,0,2,0,3,0,0,1,1,1",1,-8.0,615.0,3075
615,"0,0,0,1,0,0,2,0,0,1,0,1,0",1,-15.6,616.0,3080
616,"0,0,1,0,0,2,2,1,0,0,0,1,0",1,-18.6,617.0,3085
617,"0,1,0,1,0,1,0,2,0,1,1,0,0",1,-21.8,618.0,3090
618,"1,1,0,1,0,1,4,2,0,1,1,0,0",1,-16.2,619.0,3095
619,"0,1,1,1,1,2,3,2,0,0,0,0,0",1,-11.600000000000001,620.0,3100
620,"0,0,0,2,0,2,5,3,0,0,0,0,0",1,-5.2,621.0,3105
621,"0,1,0,2,3,1,1,0,0,0,0,0,0",1,-6.0,622.0,3110
622,"0,1,1,2,3,0,1,0,0,0,0,1,1",1,-9.4,623.0,3115
623,"0,0,0,2,2,1,0,3,0,0,0,0,1",1,-9.2,624.0,3120
624,"0,1,1,0,0,0,3,3,0,0,0,1,0",1,-1.0,625.0,3125
625,"0,0,0,0,3,0,0,0,0,0,0,0,0",1,-1.0,626.0,3130
626,"0,0,0,1,2,0,0,0,0,0,0,0,0",1,-6.199999999999999,627.0,3135
627,"0,0,0,0,2,1,4,3,0,0,1,1,1",1,-7.200000000000001,628.0,3140
628,"0,0,1,1,2,2,1,2,0,0,1,1,1",1,-3.4000000000000004,629.0,3145
629,"0,0,0,0,3,0,1,3,0,0,0,1,0",1,-2.4,630.0,3150
630,"0,0,1,0,0,1,4,2,0,0,0,1,1",1,0.0,631.0,3155
631,"0,0,0,1,0,1,0,0,0,0,1,1,0",1,-1.4,632.0,3160
632,"1,0,0,0,0,0,2,2,0,0,1,1,0",1,-8.8,633.0,3165
633,"0,0,0,1,0,2,0,0,0,1,0,1,0",1,-12.4,634.0,3170
634,"0,0,1,1,0,2,0,2,0,0,1,0,0",1,-18.6,635.0,3175
635,"0,1,0,1,2,0,2,1,0,1,1,0,0",1,-18.0,636.0,3180
636,"1,0,0,1,0,0,0,2,0,1,0,0,0",1,-18.0,637.0,3185
637,"0,1,1,2,0,0,0,3,0,0,0,0,0",1,-12.0,638.0,3190
638,"0,1,1,2,3,2,3,0,0,0,0,1,1",1,-11.2,639.0,3195
639,"0,1,0,1,3,0,5,2,0,0,0,1,0",1,-10.2,640.0,3200
640,"0,0,0,2,1,1,1,0,0,0,0,1,1",1,-12.200000000000001,641.0,3205
641,"0,0,0,2,3,1,1,3,0,0,0,0,0",1,-14.400000000000002,642.0,3210
642,"0,1,1,1,0,0,3,0,0,0,0,0,0",1,-11.0,643.0,3215
643,"0,1,1,0,2,0,0,2,0,0,1,0,1",1,-10.8,644.0,3220
644,"0,0,0,0,2,1,0,2,0,0,1,0,1",1,-13.8,645.0,3225
645,"0,0,0,1,0,1,0,3,0,0,0,1,1",1,-15.8,646.0,3230
646,"0,0,1,0,1,0,1,0,0,0,0,1,0",1,-6.800000000000001,647.0,3235
647,"0,0,0,0,3,0,4,3,0,0,0,1,0",1,-3.4,648.0,3240
648,"0,0,0,0,0,1,4,2,0,0,0,1,1",1,-3.4000000000000004,649.0,3245
649,"0,0,0,0,0,0,0,0,0,0,1,1,1",1,-4.4,650.0,3250
650,"1,0,0,0,0,2,0,0,0,0,1,1,1",1,-10.600000000000001,651.0,3255
651,"0,0,0,1,0,0,2,2,0,1,1,1,0",1,-13.8,652.0,3260
652,"0,0,1,1,0,2,2,1,0,0,1,1,0",1,-17.0,653.0,3265
653,"1,1,0,0,0,1,0,2,0,1,1,0,0",1,-8.4,654.0,3270
654,"0,1,0,1,0,2,0,2,0,0,0,0,0",1,-15.0,655.0,3275
655,"0,1,1,2,1,1,5,2,0,1,0,1,0",1,-9.8,656.0,3280
656,"0,1,1,2,2,1,3,2,0,1,1,0,0",1,-10.8,657.0,3285
657,"0,1,0,1,3,2,0,0,0,0,0,0,0",1,-13.2,658.0,3290
658,"0,0,0,2,3,0,3,3,0,0,0,1,0",1,-9.6,659.0,3295
659,"0,1,1,0,0,0,0,3,0,0,0,0,1",1,-7.2,660.0,3300
660,"0,0,1,0,1,0,1,0,0,0,0,1,1",1,-2.8,661.0,3305
661,"0,1,1,0,2,0,1,0,0,0,0,0,0",1,-7.4,662.0,3310
662,"0,0,1,0,2,1,0,3,0,0,0,1,1",1,-11.0,663.0,3315
663,"0,0,0,1,3,2,4,2,0,0,0,0,1",1,-6.0,664.0,3320
664,"0,0,0,0,3,1,1,0,0,0,1,1,0",1,-3.0,665.0,3325
665,"0,0,0,0,0,0,1,2,0,0,0,1,0",1,-3.0,666.0,3330
666,"0,0,0,0,0,1,4,3,0,0,1,1,0",1,-5.0,667.0,3335
667,"0,0,0,0,0,1,0,2,0,0,0,1,1",1,-3.2,668.0,3340
668,"0,0,1,0,0,0,2,2,0,0,1,1,0",1,-11.8,669.0,3345
669,"0,0,0,1,0,2,0,0,0,1,1,0,1",1,-14.600000000000001,670.0,3350
670,"1,0,0,0,2,2,0,3,0,1,0,1,0",1,-13.0,671.0,3355
671,"0,1,0,1,0,0,2,1,0,0,1,1,0",1,-15.600000000000001,672.0,3360
672,"1,1,1,1,0,1,0,0,0,0,0,0,0",1,-4.0,673.0,3365
673,"0,1,1,1,0,0,5,1,0,0,0,0,0",1,-3.4000000000000004,674.0,3370
674,"0,1,0,2,1,1,3,2,0,0,0,0,0",1,-9.8,675.0,3375
675,"0,0,0,2,3,1,0,0,0,0,1,1,0",1,-8.8,676.0,3380
676,"0,1,1,2,3,2,0,2,0,0,0,1,1",1,-4.4,677.0,3385
677,"0,0,1,0,3,0,1,0,0,0,0,0,1",1,-8.4,678.0,3390
678,"0,0,0,1,0,1,1,3,0,0,0,0,1",1,-5.4,679.0,3395
679,"0,0,1,0,2,0,3,0,0,0,1,0,0",1,-3.0,680.0,3400
680,"0,0,0,0,2,1,1,3,0,0,1,1,0",1,-4.4,681.0,3405
681,"0,0,1,0,2,0,1,0,0,0,0,1,1",1,-6.6000000000000005,682.0,3410
682,"0,0,1,0,0,0,4,0,0,0,0,1,0",1,-6.8,683.0,3415
683,"0,0,0,0,0,0,0,0,0,0,1,0,1",1,-3.6,684.0,3420
684,"0,0,0,1,0,1,3,3,0,0,1,1,0",1,-3.8000000000000003,685.0,3425
685,"0,0,1,0,0,0,0,2,0,0,0,1,0",1,-4.800000000000001,686.0,3430
686,"0,0,0,0,0,0,0,3,0,0,1,1,1",1,-15.8,687.0,3435
687,"1,0,0,1,0,2,2,0,0,1,0,1,0",1,-13.0,688.0,3440
688,"0,0,0,0,0,2,2,2,0,1,1,0,0",1,-18.2,689.0,3445
689,"0,1,0,1,0,0,0,2,0,0,1,0,0",1,-21.200000000000003,690.0,3450
690,"1,1,0,1,0,1,4,0,0,0,0,1,0",1,-9.0,691.0,3455
691,"0,1,1,2,2,2,3,0,0,0,0,1,0",1,-6.4,692.0,3460
692,"0,1,1,2,1,0,5,0,0,0,0,0,0",1,-8.600000000000001,693.0,3465
693,"0,0,0,0,3,1,0,0,0,0,0,0,0",1,-15.399999999999999,694.0,3470
694,"0,0,0,1,3,0,0,2,0,0,0,1,1",1,-14.0,695.0,3475
695,"0,0,1,0,0,0,0,0,0,0,0,0,1",1,-16.8,696.0,3480
696,"0,1,0,0,0,0,1,3,0,0,0,0,1",1,-20.400000000000002,697.0,3485
697,"0,0,1,0,2,1,3,2,0,0,0,1,0",1,-13.400000000000002,698.0,3490
698,"0,0,0,1,2,1,0,0,0,0,0,0,0",1,-18.799999999999997,699.0,3495
699,"0,0,0,0,3,0,1,0,0,0,1,1,1",1,-12.8,700.0,3500
700,"0,0,1,0,0,2,4,2,0,0,0,1,0",1,-13.0,701.0,3505
701,"0,0,1,1,1,1,0,0,0,0,1,1,0",1,-7.2,702.0,3510
702,"0,0,0,0,3,0,3,3,0,0,0,1,1",1,0.0,703.0,3515
703,"0,0,1,0,0,1,4,0,0,0,1,1,0",1,-1.6,704.0,3520
704,"1,0,0,0,0,0,0,2,0,0,1,1,1",1,-6.4,705.0,3525
705,"0,0,0,1,0,2,2,0,0,1,1,1,0",1,-13.6,706.0,3530
706,"1,0,0,1,0,2,0,2,0,0,1,0,0",1,-23.2,707.0,3535
707,"0,1,1,1,2,1,2,1,0,1,0,1,0",1,-15.799999999999999,708.0,3540
708,"0,1,1,0,0,0,2,2,0,0,0,0,0",1,-21.000000000000004,709.0,3545
709,"0,1,0,1,0,1,3,3,0,1,0,0,0",1,-10.0,710.0,3550
710,"0,0,0,2,1,0,5,2,0,1,0,1,0",1,-9.8,711.0,3555
711,"0,1,0,1,3,1,0,0,0,0,0,1,0",1,-13.600000000000001,712.0,3560
712,"0,1,1,2,3,2,0,0,0,0,0,0,1",1,-6.4,713.0,3565
713,"0,0,0,0,0,0,3,3,0,0,0,1,1",1,-13.799999999999999,714.0,3570
714,"0,0,0,2,3,1,0,2,0,0,0,0,1",1,-9.399999999999999,715.0,3575
715,"0,1,1,0,3,0,0,3,0,0,1,0,0",1,-5.6000000000000005,716.0,3580
716,"0,0,0,0,2,1,1,0,0,0,0,0,0",1,-9.0,717.0,3585
717,"0,0,1,1,2,1,1,0,0,0,0,1,1",1,-9.600000000000001,718.0,3590
718,"0,0,0,0,1,0,1,0,0,0,1,1,1",1,-3.0,719.0,3595
719,"0,0,1,0,2,0,4,0,0,0,0,1,0",1,-2.0,720.0,3600
